timestamp,link,orig_h,orig_p,resp_h,resp_p,unique_connections,activity_window,total_bytes_sent,total_bytes_received,total_packets_sent,total_packets_received,num_connections,avg_duration,avg_degree,avg_clustering,proto_icmp,proto_tcp,proto_udp,history_S,history_ShAdDaFf,history_Sr,history_0,history_Dd,history_ShAdDaFRfR,history_ShAdDaFRR,history_Other,service_dns,service_irc,service_ssh,service_unknown,service_dhcp
2024-07-29 13:12:39.950835943,"('192.168.68.101', 53986)",192.168.68.101,53986,20.189.173.5,443,1,0.0,0,0,1,0,1,0.0,0,0,0,1,0,0,0,0,0,0,0,0,1,0,0,0,1,0
2024-07-29 13:12:38.490591049,"('192.168.68.101', 61676)",192.168.68.101,61676,17.248.236.67,443,1,0.0,1113,3801,9,12,1,1.710777,4914,0,0,1,0,0,0,0,0,0,0,0,1,0,0,0,1,0
2024-07-29 13:12:39.907782078,"('192.168.68.101', 53998)",192.168.68.101,53998,20.189.173.5,443,1,0.0,13953,5197,24,13,1,0.713936,19150,0,0,1,0,0,0,0,0,0,0,0,1,0,0,0,0,0
2024-07-29 13:12:39.894851923,"('192.168.68.101', 53643)",192.168.68.101,53643,192.168.1.1,53,1,0.0,60,76,1,1,1,0.011384,136,0,0,0,1,0,0,0,0,0,0,0,1,1,0,0,0,0
2024-07-29 13:12:46.903781891,"('192.168.68.101', 9621)",192.168.68.101,9621,192.168.68.1,53,1,0.0,31,63,1,1,1,0.004682,94,0,0,0,1,0,0,0,0,0,0,0,1,1,0,0,0,0
2024-07-29 13:12:46.903877974,"('192.168.68.101', 41987)",192.168.68.101,41987,192.168.68.1,53,1,0.0,31,104,1,1,1,0.005441,135,0,0,0,1,0,0,0,0,0,0,0,1,1,0,0,0,0
2024-07-29 13:12:47.181864977,"('192.168.68.101', 61670)",192.168.68.101,61670,17.250.81.134,443,1,0.0,77,77,4,6,1,0.00148,154,0,0,1,0,0,0,0,0,0,0,0,1,0,0,0,1,0
2024-07-29 13:12:47.048744917,"('192.168.68.101', 53005)",192.168.68.101,53005,104.18.13.149,443,1,0.0,29,25,2,2,1,0.027729,54,0,0,1,0,0,0,0,0,0,0,0,1,0,0,0,1,0
2024-07-29 13:12:46.068337917,"('192.168.68.101', 61600)",192.168.68.101,61600,17.248.236.65,443,1,0.0,63,24,8,4,1,0.001611,87,0,0,1,0,0,0,0,0,0,0,0,1,0,0,0,1,0
2024-07-29 13:12:38.795161009,"('192.168.68.1', 26648)",192.168.68.1,26648,192.168.71.255,20002,1,0.0,0,0,1,0,1,0.0,0,0,0,0,1,0,0,0,0,0,0,0,1,0,0,0,1,0
2024-07-29 13:12:45.015640973,"('192.168.68.101', 53986)",192.168.68.101,53986,20.189.173.5,443,1,0.0,0,0,1,0,1,0.0,0,0,0,1,0,0,0,0,0,0,0,0,1,0,0,0,1,0
2024-07-29 13:12:38.180540085,"('192.168.68.102', 55059)",192.168.68.102,55059,255.255.255.255,1900,1,0.0,0,0,1,0,1,0.0,0,0,0,0,1,0,0,0,0,0,0,0,1,0,0,0,1,0
2024-07-29 13:12:47.057332993,"('192.168.68.101', 53006)",192.168.68.101,53006,104.18.13.149,443,1,0.0,29,25,2,2,1,0.019139,54,0,0,1,0,0,0,0,0,0,0,0,1,0,0,0,1,0
2024-07-29 13:12:37.912108898,"('fe80::cd:9d72:9ae4:f467', 135)",fe80::cd:9d72:9ae4:f467,135,ff02::1:ff14:4344,136,7,3e-08,0,0,1,0,7,0.0,0,0,1,0,0,0,0,0,0,0,0,0,1,0,0,0,1,0
2024-07-29 13:12:38.897980928,"('192.168.68.250', 33374)",192.168.68.250,33374,192.168.71.255,20002,1,0.0,0,0,1,0,1,0.0,0,0,0,0,1,0,0,0,0,0,0,0,1,0,0,0,1,0
2024-07-29 13:12:37.912081957,"('fe80::cd:9d72:9ae4:f467', 135)",fe80::cd:9d72:9ae4:f467,135,ff02::1:ff69:f0e,136,7,3e-08,0,0,1,0,7,0.0,0,0,1,0,0,0,0,0,0,0,0,0,1,0,0,0,1,0
2024-07-29 13:12:37.912096977,"('fe80::cd:9d72:9ae4:f467', 135)",fe80::cd:9d72:9ae4:f467,135,ff02::1:ff33:3d4d,136,7,3e-08,0,0,1,0,7,0.0,0,0,1,0,0,0,0,0,0,0,0,0,1,0,0,0,1,0
2024-07-29 13:12:38.505862951,"('192.168.68.101', 59825)",192.168.68.101,59825,17.188.185.132,5223,1,0.0,32,355,2,2,1,0.034952,387,0,0,1,0,0,0,0,0,0,0,0,1,0,0,0,1,0
2024-07-29 13:12:46.910095930,"('192.168.68.101', 55239)",192.168.68.101,55239,104.18.13.149,443,1,0.0,4064,4822,9,9,1,0.303689,8886,0,0,0,1,0,0,0,0,0,0,0,1,0,0,0,0,0
2024-07-29 13:12:37.912120104,"('fe80::cd:9d72:9ae4:f467', 135)",fe80::cd:9d72:9ae4:f467,135,ff02::1:ff96:47c6,136,7,3e-08,0,0,1,0,7,0.0,0,0,1,0,0,0,0,0,0,0,0,0,1,0,0,0,1,0
2024-07-29 13:12:44.737184048,"('192.168.68.101', 61593)",192.168.68.101,61593,52.98.200.130,443,1,0.0,0,41,1,1,1,0.000355,41,0,0,1,0,0,0,0,0,0,0,0,1,0,0,0,1,0
2024-07-29 13:12:37.862380981,"('192.168.68.101', 53975)",192.168.68.101,53975,20.189.173.5,443,1,0.0,12610,292,17,9,1,5.025244,12902,0,0,1,0,0,0,0,0,0,0,0,1,0,0,0,1,0
2024-07-29 13:12:37.912034035,"('fe80::cd:9d72:9ae4:f467', 135)",fe80::cd:9d72:9ae4:f467,135,ff02::1:ff39:8d64,136,7,3e-08,0,0,1,0,7,0.0,0,0,1,0,0,0,0,0,0,0,0,0,1,0,0,0,1,0
2024-07-29 13:12:37.912142992,"('fe80::cd:9d72:9ae4:f467', 135)",fe80::cd:9d72:9ae4:f467,135,ff02::1:ff4b:9ddc,136,7,3e-08,0,0,1,0,7,0.0,0,0,1,0,0,0,0,0,0,0,0,0,1,0,0,0,1,0
2024-07-29 13:12:37.912132025,"('fe80::cd:9d72:9ae4:f467', 135)",fe80::cd:9d72:9ae4:f467,135,ff02::1:ff92:ca53,136,7,3e-08,0,0,1,0,7,0.0,0,0,1,0,0,0,0,0,0,0,0,0,1,0,0,0,1,0
